Nombre,Grupo,Perfil,Habilitado,Acción,Invalidar,Programa,Dirección local,Dirección remota,Protocolo,Puerto local,Puerto remoto,Usuarios permitidos,Equipos permitidos,,,,,,,,,,,,,,,,
AAct_Network,,Todo,Sí,Permitir,No,C:\DESCARGAS  respaldo\KMS Tools Portable\KMS Tools Portable\Programs\AAct Network v1.1.5 Portable\AAct_Network_x64.exe,Cualquiera,Cualquiera,TCP,Cualquiera,Cualquiera,Cualquiera,Cualquiera,,,,,,,,,,,,,,,,
adskflex daemon,,Privado, Público,Sí,Permitir,No,C:\autodesk\network license manager\adskflex.exe,Cualquiera,Cualquiera,TCP,Cualquiera,Cualquiera,Cualquiera,Cualquiera,,,,,,,,,,,,,,,
adskflex daemon,,Privado, Público,Sí,Permitir,No,C:\autodesk\network license manager\adskflex.exe,Cualquiera,Cualquiera,UDP,Cualquiera,Cualquiera,Cualquiera,Cualquiera,,,,,,,,,,,,,,,
BOOTP/DHCP Server,,Privado,Sí,Permitir,No,C:\program files (x86)\rockwell software\bootp-dhcp server\bootpserver.exe,Cualquiera,Cualquiera,TCP,Cualquiera,Cualquiera,Cualquiera,Cualquiera,,,,,,,,,,,,,,,,
BOOTP/DHCP Server,,Privado,Sí,Permitir,No,C:\program files (x86)\rockwell software\bootp-dhcp server\bootpserver.exe,Cualquiera,Cualquiera,UDP,Cualquiera,Cualquiera,Cualquiera,Cualquiera,,,,,,,,,,,,,,,,
broker.exe,,Privado,Sí,Permitir,No,C:\users\carlos\appdata\local\temp\xamarin\xma\local\broker\adf038ea\broker.exe,Cualquiera,Cualquiera,TCP,Cualquiera,Cualquiera,Cualquiera,Cualquiera,,,,,,,,,,,,,,,,
broker.exe,,Privado,Sí,Permitir,No,C:\users\carlos\appdata\local\temp\xamarin\xma\local\broker\adf038ea\broker.exe,Cualquiera,Cualquiera,UDP,Cualquiera,Cualquiera,Cualquiera,Cualquiera,,,,,,,,,,,,,,,,
Crash Time 2,,Todo,Sí,Permitir,No,D:\Program Files (x86)\Steam\steamapps\common\Crash Time II\BurningWheels.exe,Cualquiera,Cualquiera,UDP,Cualquiera,Cualquiera,Cualquiera,Cualquiera,,,,,,,,,,,,,,,,
Crash Time 2,,Todo,Sí,Permitir,No,D:\Program Files (x86)\Steam\steamapps\common\Crash Time II\BurningWheels.exe,Cualquiera,Cualquiera,TCP,Cualquiera,Cualquiera,Cualquiera,Cualquiera,,,,,,,,,,,,,,,,
democreator,,Todo,Sí,Proteger (sin encapsulación),No,C:\Program Files\Wondershare\Wondershare DemoCreator 8\DemoCreator Recorder.exe,Cualquiera,Cualquiera,Cualquiera,Cualquiera,Cualquiera,Cualquiera,Cualquiera,,,,,,,,,,,,,,,,
democreator,,Todo,Sí,Proteger (sin encapsulación),No,C:\Program Files\Wondershare\Wondershare DemoCreator 8\DemoCreator Core UX Service.exe,Cualquiera,Cualquiera,Cualquiera,Cualquiera,Cualquiera,Cualquiera,Cualquiera,,,,,,,,,,,,,,,,
democreator,,Todo,Sí,Proteger (sin encapsulación),No,C:\Program Files\Wondershare\Wondershare DemoCreator 8\DemoCreator Wsid Service.exe,Cualquiera,Cualquiera,Cualquiera,Cualquiera,Cualquiera,Cualquiera,Cualquiera,,,,,,,,,,,,,,,,
democreator,,Todo,Sí,Proteger (sin encapsulación),No,C:\Program Files\Wondershare\Wondershare DemoCreator 8\DemoCreator.exe,Cualquiera,Cualquiera,Cualquiera,Cualquiera,Cualquiera,Cualquiera,Cualquiera,,,,,,,,,,,,,,,,
democreator,,Todo,Sí,Proteger (sin encapsulación),No,C:\Program Files\Wondershare\Wondershare DemoCreator 8\DomainNameChecker.exe,Cualquiera,Cualquiera,Cualquiera,Cualquiera,Cualquiera,Cualquiera,Cualquiera,,,,,,,,,,,,,,,,
DXP,,Privado, Público,Sí,Permitir,No,D:\program files (x86)\altium\ad17\dxp.exe,Cualquiera,Cualquiera,UDP,Cualquiera,Cualquiera,Cualquiera,Cualquiera,,,,,,,,,,,,,,,
DXP,,Privado, Público,Sí,Permitir,No,D:\program files (x86)\altium\ad17\dxp.exe,Cualquiera,Cualquiera,TCP,Cualquiera,Cualquiera,Cualquiera,Cualquiera,,,,,,,,,,,,,,,
Evented I/O for V8 JavaScript,,Todo,Sí,Permitir,No,C:\Program Files\Autodesk\Desktop Connect\forever\node.exe,Cualquiera,Subred local,Cualquiera,Cualquiera,Cualquiera,Cualquiera,Cualquiera,,,,,,,,,,,,,,,,
Firefox (C:\Program Files\Mozilla Firefox),,Privado,Sí,Permitir,No,C:\Program Files\Mozilla Firefox\firefox.exe,Cualquiera,Cualquiera,UDP,Cualquiera,Cualquiera,Cualquiera,Cualquiera,,,,,,,,,,,,,,,,
Firefox (C:\Program Files\Mozilla Firefox),,Privado,Sí,Permitir,No,C:\Program Files\Mozilla Firefox\firefox.exe,Cualquiera,Cualquiera,TCP,Cualquiera,Cualquiera,Cualquiera,Cualquiera,,,,,,,,,,,,,,,,
Flexera Software LLC,,Privado, Público,Sí,Permitir,No,C:\autodesk\network license manager\lmgrd.exe,Cualquiera,Cualquiera,TCP,Cualquiera,Cualquiera,Cualquiera,Cualquiera,,,,,,,,,,,,,,,
Flexera Software LLC,,Privado, Público,Sí,Permitir,No,C:\autodesk\network license manager\lmgrd.exe,Cualquiera,Cualquiera,UDP,Cualquiera,Cualquiera,Cualquiera,Cualquiera,,,,,,,,,,,,,,,
Garry's Mod,,Privado,Sí,Permitir,No,D:\program files (x86)\steam\steamapps\common\garrysmod\gmod.exe,Cualquiera,Cualquiera,TCP,Cualquiera,Cualquiera,Cualquiera,Cualquiera,,,,,,,,,,,,,,,,
Garry's Mod,,Privado,Sí,Permitir,No,D:\program files (x86)\steam\steamapps\common\garrysmod\gmod.exe,Cualquiera,Cualquiera,UDP,Cualquiera,Cualquiera,Cualquiera,Cualquiera,,,,,,,,,,,,,,,,
Garry's Mod,,Privado, Público,Sí,Permitir,No,D:\program files (x86)\steam\steamapps\common\garrysmod\hl2.exe,Cualquiera,Cualquiera,TCP,Cualquiera,Cualquiera,Cualquiera,Cualquiera,,,,,,,,,,,,,,,
Garry's Mod,,Privado, Público,Sí,Permitir,No,D:\program files (x86)\steam\steamapps\common\garrysmod\hl2.exe,Cualquiera,Cualquiera,UDP,Cualquiera,Cualquiera,Cualquiera,Cualquiera,,,,,,,,,,,,,,,
Half-Life Deathmatch: Source,,Todo,Sí,Permitir,No,D:\Program Files (x86)\Steam\steamapps\common\Half-Life 1 Source Deathmatch\hl2.exe,Cualquiera,Cualquiera,UDP,Cualquiera,Cualquiera,Cualquiera,Cualquiera,,,,,,,,,,,,,,,,
Half-Life Deathmatch: Source,,Todo,Sí,Permitir,No,D:\Program Files (x86)\Steam\steamapps\common\Half-Life 1 Source Deathmatch\hl2.exe,Cualquiera,Cualquiera,TCP,Cualquiera,Cualquiera,Cualquiera,Cualquiera,,,,,,,,,,,,,,,,
Half-Life Launcher,,Privado, Público,Sí,Permitir,No,D:\program files (x86)\steam\steamapps\common\half-life\hl.exe,Cualquiera,Cualquiera,TCP,Cualquiera,Cualquiera,Cualquiera,Cualquiera,,,,,,,,,,,,,,,
Half-Life Launcher,,Privado, Público,Sí,Permitir,No,D:\program files (x86)\steam\steamapps\common\half-life\hl.exe,Cualquiera,Cualquiera,UDP,Cualquiera,Cualquiera,Cualquiera,Cualquiera,,,,,,,,,,,,,,,
hl.exe,,Privado, Público,Sí,Permitir,No,D:\users\carlos\documents\respaldo memoria usb\harlaif\hl.exe,Cualquiera,Cualquiera,UDP,Cualquiera,Cualquiera,Cualquiera,Cualquiera,,,,,,,,,,,,,,,
hl.exe,,Privado,Sí,Bloquear,No,C:\users\carlos\downloads\half-life-build-3219\half-life\half-life\hl.exe,Cualquiera,Cualquiera,UDP,Cualquiera,Cualquiera,Cualquiera,Cualquiera,,,,,,,,,,,,,,,,
hl.exe,,Privado,Sí,Bloquear,No,C:\users\carlos\downloads\half-life-build-3219\half-life\half-life\hl.exe,Cualquiera,Cualquiera,TCP,Cualquiera,Cualquiera,Cualquiera,Cualquiera,,,,,,,,,,,,,,,,
hl.exe,,Privado, Público,Sí,Permitir,No,D:\users\carlos\documents\respaldo memoria usb\harlaif\hl.exe,Cualquiera,Cualquiera,TCP,Cualquiera,Cualquiera,Cualquiera,Cualquiera,,,,,,,,,,,,,,,
hl.exe,,Privado,Sí,Permitir,No,D:\users\carlos\documents\respaldo memoria usb\harlaif48\hl.exe,Cualquiera,Cualquiera,UDP,Cualquiera,Cualquiera,Cualquiera,Cualquiera,,,,,,,,,,,,,,,,
hl.exe,,Público,Sí,Permitir,No,C:\users\carlos\downloads\half-life-build-3219\half-life\half-life\hl.exe,Cualquiera,Cualquiera,TCP,Cualquiera,Cualquiera,Cualquiera,Cualquiera,,,,,,,,,,,,,,,,
hl.exe,,Público,Sí,Permitir,No,C:\users\carlos\downloads\half-life-build-3219\half-life\half-life\hl.exe,Cualquiera,Cualquiera,UDP,Cualquiera,Cualquiera,Cualquiera,Cualquiera,,,,,,,,,,,,,,,,
hl.exe,,Privado,Sí,Permitir,No,D:\users\carlos\documents\respaldo memoria usb\harlaif48\hl.exe,Cualquiera,Cualquiera,TCP,Cualquiera,Cualquiera,Cualquiera,Cualquiera,,,,,,,,,,,,,,,,
hl2,,Privado,Sí,Permitir,No,D:\program files (x86)\steam\steamapps\common\counter-strike source\hl2.exe,Cualquiera,Cualquiera,TCP,Cualquiera,Cualquiera,Cualquiera,Cualquiera,,,,,,,,,,,,,,,,
hl2,,Privado,Sí,Permitir,No,D:\program files (x86)\steam\steamapps\common\counter-strike source\hl2.exe,Cualquiera,Cualquiera,UDP,Cualquiera,Cualquiera,Cualquiera,Cualquiera,,,,,,,,,,,,,,,,
hlds.exe,,Privado, Público,Sí,Permitir,No,D:\users\carlos\documents\respaldo memoria usb\harlaif\hlds.exe,Cualquiera,Cualquiera,UDP,Cualquiera,Cualquiera,Cualquiera,Cualquiera,,,,,,,,,,,,,,,
hlds.exe,,Privado, Público,Sí,Permitir,No,D:\users\carlos\documents\respaldo memoria usb\harlaif\hlds.exe,Cualquiera,Cualquiera,TCP,Cualquiera,Cualquiera,Cualquiera,Cualquiera,,,,,,,,,,,,,,,
hltv,,Privado, Público,Sí,Permitir,No,D:\program files (x86)\steam\steamapps\common\half-life\hltv.exe,Cualquiera,Cualquiera,TCP,Cualquiera,Cualquiera,Cualquiera,Cualquiera,,,,,,,,,,,,,,,
hltv,,Privado, Público,Sí,Permitir,No,D:\program files (x86)\steam\steamapps\common\half-life\hltv.exe,Cualquiera,Cualquiera,UDP,Cualquiera,Cualquiera,Cualquiera,Cualquiera,,,,,,,,,,,,,,,
hltv.exe,,Privado, Público,Sí,Permitir,No,C:\users\carlos\downloads\half-life-build-3219\half-life\half-life\hltv.exe,Cualquiera,Cualquiera,UDP,Cualquiera,Cualquiera,Cualquiera,Cualquiera,,,,,,,,,,,,,,,
hltv.exe,,Privado, Público,Sí,Permitir,No,C:\users\carlos\downloads\half-life-build-3219\half-life\half-life\hltv.exe,Cualquiera,Cualquiera,TCP,Cualquiera,Cualquiera,Cualquiera,Cualquiera,,,,,,,,,,,,,,,
HP LJ Network PC FAX Port -DRV32,,Privado,Sí,Permitir,No,C:\Program Files (x86)\Hewlett-Packard\Network PC Fax\drv\HPFaxMon.exe,Cualquiera,Cualquiera,Cualquiera,Cualquiera,Cualquiera,Cualquiera,Cualquiera,,,,,,,,,,,,,,,,
HP LJ Network PC FAX Port -DRV64,,Privado,Sí,Permitir,No,C:\Program Files (x86)\Hewlett-Packard\Network PC Fax\drv\HPFaxMon64.exe,Cualquiera,Cualquiera,Cualquiera,Cualquiera,Cualquiera,Cualquiera,Cualquiera,,,,,,,,,,,,,,,,
HP LJ Network PC FAX Port64,,Privado,Sí,Permitir,No,C:\Windows\system32\spool\drivers\x64\3\HPFaxMon64.exe,Cualquiera,Cualquiera,Cualquiera,Cualquiera,Cualquiera,Cualquiera,Cualquiera,,,,,,,,,,,,,,,,
HP MFP Scan,,Privado,Sí,Permitir,No,C:\Program Files (x86)\HP\MFP Scan\EDC.exe,Cualquiera,Cualquiera,UDP,Cualquiera,Cualquiera,Cualquiera,Cualquiera,,,,,,,,,,,,,,,,
HP MFP Scan,,Privado,Sí,Permitir,No,C:\Program Files (x86)\HP\MFP Scan\EDC.exe,Cualquiera,Cualquiera,TCP,Cualquiera,Cualquiera,Cualquiera,Cualquiera,,,,,,,,,,,,,,,,
HP Scanner Discovery Module V3,,Privado,Sí,Permitir,No,C:\Windows\twain_32\HP\HPLM13X\ScanCDLM\ScanCDLM.exe,Cualquiera,Cualquiera,TCP,Cualquiera,Cualquiera,Cualquiera,Cualquiera,,,,,,,,,,,,,,,,
HP Scanner Discovery Module V3,,Privado,Sí,Permitir,No,C:\Windows\twain_32\HP\HPLM13X\ScanCDLM\ScanCDLM.exe,Cualquiera,Cualquiera,UDP,Cualquiera,Cualquiera,Cualquiera,Cualquiera,,,,,,,,,,,,,,,,
Java(TM) Platform SE binary,,Privado, Público,Sí,Permitir,No,C:\program files\java\jdk-16.0.2\bin\javaw.exe,Cualquiera,Cualquiera,TCP,Cualquiera,Cualquiera,Cualquiera,Cualquiera,,,,,,,,,,,,,,,
Java(TM) Platform SE binary,,Privado, Público,Sí,Permitir,No,C:\program files\java\jdk-16.0.2\bin\javaw.exe,Cualquiera,Cualquiera,UDP,Cualquiera,Cualquiera,Cualquiera,Cualquiera,,,,,,,,,,,,,,,
JKI Updater,,Todo,Sí,Permitir,No,C:\Program Files (x86)\JKI\VI Package Manager\support\JKIUpdate.exe,Cualquiera,Cualquiera,Cualquiera,Cualquiera,Cualquiera,Cualquiera,Cualquiera,,,,,,,,,,,,,,,,
LabVIEW 13.0 Development System,,Privado,Sí,Permitir,No,C:\program files (x86)\national instruments\labview 2013\labview.exe,Cualquiera,Cualquiera,TCP,Cualquiera,Cualquiera,Cualquiera,Cualquiera,,,,,,,,,,,,,,,,
LabVIEW 13.0 Development System,,Privado,Sí,Permitir,No,C:\program files\national instruments\labview 2013\labview.exe,Cualquiera,Cualquiera,UDP,Cualquiera,Cualquiera,Cualquiera,Cualquiera,,,,,,,,,,,,,,,,
LabVIEW 13.0 Development System,,Privado,Sí,Permitir,No,C:\program files\national instruments\labview 2013\labview.exe,Cualquiera,Cualquiera,TCP,Cualquiera,Cualquiera,Cualquiera,Cualquiera,,,,,,,,,,,,,,,,
LabVIEW 13.0 Development System,,Privado,Sí,Permitir,No,C:\program files (x86)\national instruments\labview 2013\labview.exe,Cualquiera,Cualquiera,UDP,Cualquiera,Cualquiera,Cualquiera,Cualquiera,,,,,,,,,,,,,,,,
MATLAB (R2015a),,Privado, Público,Sí,Permitir,No,C:\program files\matlab\matlab production server\r2015a\bin\win64\matlab.exe,Cualquiera,Cualquiera,TCP,Cualquiera,Cualquiera,Cualquiera,Cualquiera,,,,,,,,,,,,,,,
MATLAB (R2015a),,Privado, Público,Sí,Permitir,No,C:\program files\matlab\matlab production server\r2015a\bin\win64\matlab.exe,Cualquiera,Cualquiera,UDP,Cualquiera,Cualquiera,Cualquiera,Cualquiera,,,,,,,,,,,,,,,
MCT10 Set-up Software,,Todo,Sí,Permitir,No,C:\Program Files (x86)\Danfoss Drives\VLT Motion Control Tool\MCT 10 Set-up Software\MCT 10 Set-up Software.exe,Cualquiera,Cualquiera,Cualquiera,Cualquiera,Cualquiera,Cualquiera,Cualquiera,,,,,,,,,,,,,,,,
MCT10 Set-up Software,,Todo,Sí,Permitir,No,C:\Program Files (x86)\Danfoss Drives\VLT Motion Control Tool\MCT 10 Set-up Software\MCT 10 Set-up Software.exe,Cualquiera,Cualquiera,Cualquiera,Cualquiera,Cualquiera,Cualquiera,Cualquiera,,,,,,,,,,,,,,,,
Microsoft Office Outlook,,Privado,Sí,Permitir,No,C:\Program Files\Microsoft Office 15\root\Office15\outlook.exe,Cualquiera,Cualquiera,UDP,6004,Cualquiera,Cualquiera,Cualquiera,,,,,,,,,,,,,,,,
Microsoft OneDrive,,Todo,Sí,Permitir,No,C:\Users\Carlos\AppData\Local\Microsoft\OneDrive\OneDrive.exe,Cualquiera,Cualquiera,Cualquiera,Cualquiera,Cualquiera,Cualquiera,Cualquiera,,,,,,,,,,,,,,,,
Microsoft SharePoint Workspace,,Privado,Sí,Permitir,No,C:\Program Files\Microsoft Office\Office14\GROOVE.EXE,Cualquiera,Cualquiera,TCP,Cualquiera,Cualquiera,Cualquiera,Cualquiera,,,,,,,,,,,,,,,,
Microsoft Visual Studio 2019,,Privado, Público,Sí,Permitir,No,C:\program files (x86)\microsoft visual studio\2019\enterprise\common7\ide\devenv.exe,Cualquiera,Cualquiera,UDP,Cualquiera,Cualquiera,Cualquiera,Cualquiera,,,,,,,,,,,,,,,
Microsoft Visual Studio 2019,,Privado, Público,Sí,Permitir,No,C:\program files (x86)\microsoft visual studio\2019\enterprise\common7\ide\devenv.exe,Cualquiera,Cualquiera,TCP,Cualquiera,Cualquiera,Cualquiera,Cualquiera,,,,,,,,,,,,,,,
NI Application Web Server (64-bit),,Privado, Público,Sí,Permitir,No,C:\Program Files\National Instruments\Shared\NI WebServer\ApplicationWebServer.exe,Cualquiera,Cualquiera,UDP,Cualquiera,Cualquiera,Cualquiera,Cualquiera,,,,,,,,,,,,,,,
NI Application Web Server (64-bit),,Privado, Público,Sí,Permitir,No,C:\Program Files\National Instruments\Shared\NI WebServer\ApplicationWebServer.exe,Cualquiera,Cualquiera,TCP,Cualquiera,Cualquiera,Cualquiera,Cualquiera,,,,,,,,,,,,,,,
NI Service Locator,,Privado, Público,Sí,Permitir,No,C:\Program Files (x86)\National Instruments\Shared\nisvcloc\nisvcloc.exe,Cualquiera,Cualquiera,UDP,3580,Cualquiera,Cualquiera,Cualquiera,,,,,,,,,,,,,,,
NI Service Locator,,Privado, Público,Sí,Permitir,No,C:\Program Files (x86)\National Instruments\Shared\nisvcloc\nisvcloc.exe,Cualquiera,Cualquiera,TCP,3580,Cualquiera,Cualquiera,Cualquiera,,,,,,,,,,,,,,,
Packet Tracer Executable,,Privado, Público,Sí,Permitir,No,D:\program files\cisco packet tracer 7.2.1\bin\packettracer7.exe,Cualquiera,Cualquiera,UDP,Cualquiera,Cualquiera,Cualquiera,Cualquiera,,,,,,,,,,,,,,,
Packet Tracer Executable,,Privado, Público,Sí,Permitir,No,D:\program files\cisco packet tracer 7.2.1\bin\packettracer7.exe,Cualquiera,Cualquiera,TCP,Cualquiera,Cualquiera,Cualquiera,Cualquiera,,,,,,,,,,,,,,,
Packet Tracer Executable,,Privado, Público,Sí,Permitir,No,D:\program files\cisco packet tracer 8.2.1\bin\packettracer.exe,Cualquiera,Cualquiera,TCP,Cualquiera,Cualquiera,Cualquiera,Cualquiera,,,,,,,,,,,,,,,
Packet Tracer Executable,,Privado, Público,Sí,Permitir,No,D:\program files\cisco packet tracer 8.2.1\bin\packettracer.exe,Cualquiera,Cualquiera,UDP,Cualquiera,Cualquiera,Cualquiera,Cualquiera,,,,,,,,,,,,,,,
Really Big Sky,,Todo,Sí,Permitir,No,D:\Program Files (x86)\Steam\steamapps\common\RBS\Really Big Sky.exe,Cualquiera,Cualquiera,TCP,Cualquiera,Cualquiera,Cualquiera,Cualquiera,,,,,,,,,,,,,,,,
Really Big Sky,,Todo,Sí,Permitir,No,D:\Program Files (x86)\Steam\steamapps\common\RBS\Really Big Sky.exe,Cualquiera,Cualquiera,UDP,Cualquiera,Cualquiera,Cualquiera,Cualquiera,,,,,,,,,,,,,,,,
RealVNC Server,,Privado,Sí,Permitir,No,C:\Program Files\RealVNC\VNC Server\vncserver.exe,Cualquiera,Cualquiera,TCP,Cualquiera,Cualquiera,Cualquiera,Cualquiera,,,,,,,,,,,,,,,,
RealVNC Server,,Privado,Sí,Permitir,No,C:\Program Files\RealVNC\VNC Server\vncserver.exe,Cualquiera,Cualquiera,UDP,Cualquiera,Cualquiera,Cualquiera,Cualquiera,,,,,,,,,,,,,,,,
SoftEther VPN Client,,Todo,Sí,Permitir,No,C:\Program Files\SoftEther VPN Client\vpnclient.exe,Cualquiera,Cualquiera,Cualquiera,Cualquiera,Cualquiera,Cualquiera,Cualquiera,,,,,,,,,,,,,,,,
SoftEther VPN Client,,Todo,Sí,Permitir,No,C:\Program Files\SoftEther VPN Client\vpnclient_x64.exe,Cualquiera,Cualquiera,Cualquiera,Cualquiera,Cualquiera,Cualquiera,Cualquiera,,,,,,,,,,,,,,,,
SoftEther VPN Client Connection Manager,,Todo,Sí,Permitir,No,C:\Program Files\SoftEther VPN Client\vpncmgr.exe,Cualquiera,Cualquiera,Cualquiera,Cualquiera,Cualquiera,Cualquiera,Cualquiera,,,,,,,,,,,,,,,,
SoftEther VPN Client Connection Manager,,Todo,Sí,Permitir,No,C:\Program Files\SoftEther VPN Client\vpncmgr_x64.exe,Cualquiera,Cualquiera,Cualquiera,Cualquiera,Cualquiera,Cualquiera,Cualquiera,,,,,,,,,,,,,,,,
SoftEther VPN Command-Line Admin Tool,,Todo,Sí,Permitir,No,C:\Program Files\SoftEther VPN Client\vpncmd_x64.exe,Cualquiera,Cualquiera,Cualquiera,Cualquiera,Cualquiera,Cualquiera,Cualquiera,,,,,,,,,,,,,,,,
SoftEther VPN Command-Line Admin Tool,,Todo,Sí,Permitir,No,C:\Program Files\SoftEther VPN Client\vpncmd.exe,Cualquiera,Cualquiera,Cualquiera,Cualquiera,Cualquiera,Cualquiera,Cualquiera,,,,,,,,,,,,,,,,
Steam,,Todo,Sí,Permitir,No,D:\Program Files (x86)\Steam\steam.exe,Cualquiera,Cualquiera,TCP,Cualquiera,Cualquiera,Cualquiera,Cualquiera,,,,,,,,,,,,,,,,
Steam,,Todo,Sí,Permitir,No,D:\Program Files (x86)\Steam\steam.exe,Cualquiera,Cualquiera,UDP,Cualquiera,Cualquiera,Cualquiera,Cualquiera,,,,,,,,,,,,,,,,
Steam,,Privado,Sí,Permitir,No,C:\Program Files (x86)\Steam\Steam.exe,Cualquiera,Cualquiera,UDP,Cualquiera,Cualquiera,Cualquiera,Cualquiera,,,,,,,,,,,,,,,,
Steam,,Privado,Sí,Permitir,No,C:\Program Files (x86)\Steam\Steam.exe,Cualquiera,Cualquiera,TCP,Cualquiera,Cualquiera,Cualquiera,Cualquiera,,,,,,,,,,,,,,,,
Steam Web Helper,,Todo,Sí,Permitir,No,D:\Program Files (x86)\Steam\bin\cef\cef.win7x64\steamwebhelper.exe,Cualquiera,Cualquiera,TCP,Cualquiera,Cualquiera,Cualquiera,Cualquiera,,,,,,,,,,,,,,,,
Steam Web Helper,,Todo,Sí,Permitir,No,D:\Program Files (x86)\Steam\bin\cef\cef.win7x64\steamwebhelper.exe,Cualquiera,Cualquiera,UDP,Cualquiera,Cualquiera,Cualquiera,Cualquiera,,,,,,,,,,,,,,,,
tftpsrv,,Privado,Sí,Bloquear,No,D:\ar430w\tftpsrv.exe,Cualquiera,Cualquiera,UDP,Cualquiera,Cualquiera,Cualquiera,Cualquiera,,,,,,,,,,,,,,,,
tftpsrv,,Privado,Sí,Bloquear,No,D:\ar430w\tftpsrv.exe,Cualquiera,Cualquiera,TCP,Cualquiera,Cualquiera,Cualquiera,Cualquiera,,,,,,,,,,,,,,,,
ugsplatform64,,Privado,Sí,Permitir,No,D:\cnc stuff\grbl-apps(nojava)\ugs-platform-app-2.0-snapshot-win\ugsplatform-win\bin\ugsplatform64.exe,Cualquiera,Cualquiera,UDP,Cualquiera,Cualquiera,Cualquiera,Cualquiera,,,,,,,,,,,,,,,,
ugsplatform64,,Privado,Sí,Permitir,No,D:\cnc stuff\grbl-apps(nojava)\ugs-platform-app-2.0-snapshot-win\ugsplatform-win\bin\ugsplatform64.exe,Cualquiera,Cualquiera,TCP,Cualquiera,Cualquiera,Cualquiera,Cualquiera,,,,,,,,,,,,,,,,
Unity Hub,,Privado, Público,Sí,Permitir,No,C:\program files\unity hub\unity hub.exe,Cualquiera,Cualquiera,UDP,Cualquiera,Cualquiera,Cualquiera,Cualquiera,,,,,,,,,,,,,,,
Unity Hub,,Dominio,Sí,Permitir,No,C:\Program Files\Unity Hub\Unity Hub.exe,Cualquiera,Cualquiera,Cualquiera,Cualquiera,Cualquiera,Cualquiera,Cualquiera,,,,,,,,,,,,,,,,
Unity Hub,,Privado, Público,Sí,Permitir,No,C:\program files\unity hub\unity hub.exe,Cualquiera,Cualquiera,TCP,Cualquiera,Cualquiera,Cualquiera,Cualquiera,,,,,,,,,,,,,,,
VBAN2MIDI converter,,Privado, Público,Sí,Permitir,No,C:\program files (x86)\vb\voicemeeter\vban2midi.exe,Cualquiera,Cualquiera,UDP,Cualquiera,Cualquiera,Cualquiera,Cualquiera,,,,,,,,,,,,,,,
VBAN2MIDI converter,,Privado, Público,Sí,Permitir,No,C:\program files (x86)\vb\voicemeeter\vban2midi.exe,Cualquiera,Cualquiera,TCP,Cualquiera,Cualquiera,Cualquiera,Cualquiera,,,,,,,,,,,,,,,
Visual Studio Code,,Privado, Público,Sí,Permitir,No,C:\program files\microsoft vs code\code.exe,Cualquiera,Cualquiera,TCP,Cualquiera,Cualquiera,Cualquiera,Cualquiera,,,,,,,,,,,,,,,
Visual Studio Code,,Privado, Público,Sí,Permitir,No,C:\program files\microsoft vs code\code.exe,Cualquiera,Cualquiera,UDP,Cualquiera,Cualquiera,Cualquiera,Cualquiera,,,,,,,,,,,,,,,
Visual Studio Live Share Agent,,Privado,Sí,Bloquear,No,C:\program files (x86)\microsoft visual studio\2019\enterprise\common7\ide\extensions\microsoft\liveshare\agent\vsls-agent.exe,Cualquiera,Cualquiera,UDP,Cualquiera,Cualquiera,Cualquiera,Cualquiera,,,,,,,,,,,,,,,,
Visual Studio Live Share Agent,,Privado,Sí,Bloquear,No,C:\program files (x86)\microsoft visual studio\2019\enterprise\common7\ide\extensions\microsoft\liveshare\agent\vsls-agent.exe,Cualquiera,Cualquiera,TCP,Cualquiera,Cualquiera,Cualquiera,Cualquiera,,,,,,,,,,,,,,,,
VLC media player,,Privado, Público,Sí,Permitir,No,C:\program files\videolan\vlc\vlc.exe,Cualquiera,Cualquiera,TCP,Cualquiera,Cualquiera,Cualquiera,Cualquiera,,,,,,,,,,,,,,,
VLC media player,,Privado, Público,Sí,Permitir,No,C:\program files\videolan\vlc\vlc.exe,Cualquiera,Cualquiera,UDP,Cualquiera,Cualquiera,Cualquiera,Cualquiera,,,,,,,,,,,,,,,
Windows Orchestrator,,Público,Sí,Permitir,No,C:\Program Files (x86)\InstallShield Installation Information\{BB281145-A521-2EF3-B593-C5D534DC9911}\orchestrator.exe,Cualquiera,Cualquiera,Cualquiera,Cualquiera,Cualquiera,Cualquiera,Cualquiera,,,,,,,,,,,,,,,,
µTorrent (TCP-In),,Todo,Sí,Permitir,No,C:\Users\Carlos\AppData\Roaming\uTorrent\uTorrent.exe,Cualquiera,Cualquiera,TCP,Cualquiera,Cualquiera,Cualquiera,Cualquiera,,,,,,,,,,,,,,,,
µTorrent (UDP-In),,Todo,Sí,Permitir,No,C:\Users\Carlos\AppData\Roaming\uTorrent\uTorrent.exe,Cualquiera,Cualquiera,UDP,Cualquiera,Cualquiera,Cualquiera,Cualquiera,,,,,,,,,,,,,,,,
Administración remota de Firewall de Windows (RPC),Administración remota de Firewall de Windows,Dominio,No,Permitir,No,%SystemRoot%\system32\svchost.exe,Cualquiera,Cualquiera,TCP,Puertos dinámicos RPC,Cualquiera,Cualquiera,Cualquiera,,,,,,,,,,,,,,,,
Administración remota de Firewall de Windows (RPC),Administración remota de Firewall de Windows,Privado, Público,No,Permitir,No,%SystemRoot%\system32\svchost.exe,Cualquiera,Subred local,TCP,Puertos dinámicos RPC,Cualquiera,Cualquiera,Cualquiera,,,,,,,,,,,,,,,
Administración remota de Firewall de Windows (RPC-EPMAP),Administración remota de Firewall de Windows,Privado, Público,No,Permitir,No,%SystemRoot%\system32\svchost.exe,Cualquiera,Subred local,TCP,Asignador de extremos de RPC,Cualquiera,Cualquiera,Cualquiera,,,,,,,,,,,,,,,
Administración remota de Firewall de Windows (RPC-EPMAP),Administración remota de Firewall de Windows,Dominio,No,Permitir,No,%SystemRoot%\system32\svchost.exe,Cualquiera,Cualquiera,TCP,Asignador de extremos de RPC,Cualquiera,Cualquiera,Cualquiera,,,,,,,,,,,,,,,,
Administración remota de registro de eventos (NP de entrada),Administración remota de registro de eventos,Privado, Público,No,Permitir,No,System,Cualquiera,Subred local,TCP,445,Cualquiera,Cualquiera,Cualquiera,,,,,,,,,,,,,,,
Administración remota de registro de eventos (NP de entrada),Administración remota de registro de eventos,Dominio,No,Permitir,No,System,Cualquiera,Cualquiera,TCP,445,Cualquiera,Cualquiera,Cualquiera,,,,,,,,,,,,,,,,
Administración remota de registro de eventos (RPC),Administración remota de registro de eventos,Dominio,No,Permitir,No,%SystemRoot%\system32\svchost.exe,Cualquiera,Cualquiera,TCP,Puertos dinámicos RPC,Cualquiera,Cualquiera,Cualquiera,,,,,,,,,,,,,,,,
Administración remota de registro de eventos (RPC),Administración remota de registro de eventos,Privado, Público,No,Permitir,No,%SystemRoot%\system32\svchost.exe,Cualquiera,Subred local,TCP,Puertos dinámicos RPC,Cualquiera,Cualquiera,Cualquiera,,,,,,,,,,,,,,,
Administración remota de registro de eventos (RPC-EPMAP),Administración remota de registro de eventos,Dominio,No,Permitir,No,%SystemRoot%\system32\svchost.exe,Cualquiera,Cualquiera,TCP,Asignador de extremos de RPC,Cualquiera,Cualquiera,Cualquiera,,,,,,,,,,,,,,,,
Administración remota de registro de eventos (RPC-EPMAP),Administración remota de registro de eventos,Privado, Público,No,Permitir,No,%SystemRoot%\system32\svchost.exe,Cualquiera,Subred local,TCP,Asignador de extremos de RPC,Cualquiera,Cualquiera,Cualquiera,,,,,,,,,,,,,,,
Administración remota de servicios (NP de entrada),Administración remota de servicios,Dominio,No,Permitir,No,System,Cualquiera,Cualquiera,TCP,445,Cualquiera,Cualquiera,Cualquiera,,,,,,,,,,,,,,,,
Administración remota de servicios (NP de entrada),Administración remota de servicios,Privado, Público,No,Permitir,No,System,Cualquiera,Subred local,TCP,445,Cualquiera,Cualquiera,Cualquiera,,,,,,,,,,,,,,,
Administración remota de servicios (RPC),Administración remota de servicios,Privado, Público,No,Permitir,No,%SystemRoot%\system32\services.exe,Cualquiera,Subred local,TCP,Puertos dinámicos RPC,Cualquiera,Cualquiera,Cualquiera,,,,,,,,,,,,,,,
Administración remota de servicios (RPC),Administración remota de servicios,Dominio,No,Permitir,No,%SystemRoot%\system32\services.exe,Cualquiera,Cualquiera,TCP,Puertos dinámicos RPC,Cualquiera,Cualquiera,Cualquiera,,,,,,,,,,,,,,,,
Administración remota de servicios (RPC-EPMAP),Administración remota de servicios,Dominio,No,Permitir,No,%SystemRoot%\system32\svchost.exe,Cualquiera,Cualquiera,TCP,Asignador de extremos de RPC,Cualquiera,Cualquiera,Cualquiera,,,,,,,,,,,,,,,,
Administración remota de servicios (RPC-EPMAP),Administración remota de servicios,Privado, Público,No,Permitir,No,%SystemRoot%\system32\svchost.exe,Cualquiera,Subred local,TCP,Asignador de extremos de RPC,Cualquiera,Cualquiera,Cualquiera,,,,,,,,,,,,,,,
Administración remota de tareas programadas (RPC),Administración remota de tareas programadas,Privado, Público,No,Permitir,No,%SystemRoot%\system32\svchost.exe,Cualquiera,Subred local,TCP,Puertos dinámicos RPC,Cualquiera,Cualquiera,Cualquiera,,,,,,,,,,,,,,,
Administración remota de tareas programadas (RPC),Administración remota de tareas programadas,Dominio,No,Permitir,No,%SystemRoot%\system32\svchost.exe,Cualquiera,Cualquiera,TCP,Puertos dinámicos RPC,Cualquiera,Cualquiera,Cualquiera,,,,,,,,,,,,,,,,
Administración remota de tareas programadas (RPC-EPMAP),Administración remota de tareas programadas,Privado, Público,No,Permitir,No,%SystemRoot%\system32\svchost.exe,Cualquiera,Subred local,TCP,Asignador de extremos de RPC,Cualquiera,Cualquiera,Cualquiera,,,,,,,,,,,,,,,
Administración remota de tareas programadas (RPC-EPMAP),Administración remota de tareas programadas,Dominio,No,Permitir,No,%SystemRoot%\system32\svchost.exe,Cualquiera,Cualquiera,TCP,Asignador de extremos de RPC,Cualquiera,Cualquiera,Cualquiera,,,,,,,,,,,,,,,,
Administración remota de Windows - Modo de compatibilidad (HTTP de entrada),Administración remota de Windows,Dominio,No,Permitir,No,System,Cualquiera,Cualquiera,TCP,80,Cualquiera,Cualquiera,Cualquiera,,,,,,,,,,,,,,,,
Administración remota de Windows - Modo de compatibilidad (HTTP de entrada),Administración remota de Windows,Privado, Público,No,Permitir,No,System,Cualquiera,Subred local,TCP,80,Cualquiera,Cualquiera,Cualquiera,,,,,,,,,,,,,,,
Administración remota de Windows (HTTP de entrada),Administración remota de Windows,Privado, Público,No,Permitir,No,System,Cualquiera,Subred local,TCP,5985,Cualquiera,Cualquiera,Cualquiera,,,,,,,,,,,,,,,
Administración remota de Windows (HTTP de entrada),Administración remota de Windows,Dominio,No,Permitir,No,System,Cualquiera,Cualquiera,TCP,5985,Cualquiera,Cualquiera,Cualquiera,,,,,,,,,,,,,,,,
Administración remota del volumen (RCP-EPMAP),Administración remota del volumen,Dominio,No,Permitir,No,%SystemRoot%\system32\svchost.exe,Cualquiera,Cualquiera,TCP,Asignador de extremos de RPC,Cualquiera,Cualquiera,Cualquiera,,,,,,,,,,,,,,,,
Administración remota del volumen (RCP-EPMAP),Administración remota del volumen,Privado, Público,No,Permitir,No,%SystemRoot%\system32\svchost.exe,Cualquiera,Subred local,TCP,Asignador de extremos de RPC,Cualquiera,Cualquiera,Cualquiera,,,,,,,,,,,,,,,
Administración remota del volumen: cargador del servicio de discos virtuales (RPC),Administración remota del volumen,Privado, Público,No,Permitir,No,%SystemRoot%\system32\vdsldr.exe,Cualquiera,Subred local,TCP,Puertos dinámicos RPC,Cualquiera,Cualquiera,Cualquiera,,,,,,,,,,,,,,,
Administración remota del volumen: cargador del servicio de discos virtuales (RPC),Administración remota del volumen,Dominio,No,Permitir,No,%SystemRoot%\system32\vdsldr.exe,Cualquiera,Cualquiera,TCP,Puertos dinámicos RPC,Cualquiera,Cualquiera,Cualquiera,,,,,,,,,,,,,,,,
Administración remota del volumen: servicio de discos virtuales (RPC),Administración remota del volumen,Dominio,No,Permitir,No,%SystemRoot%\system32\vds.exe,Cualquiera,Cualquiera,TCP,Puertos dinámicos RPC,Cualquiera,Cualquiera,Cualquiera,,,,,,,,,,,,,,,,
Administración remota del volumen: servicio de discos virtuales (RPC),Administración remota del volumen,Privado, Público,No,Permitir,No,%SystemRoot%\system32\vds.exe,Cualquiera,Subred local,TCP,Puertos dinámicos RPC,Cualquiera,Cualquiera,Cualquiera,,,,,,,,,,,,,,,
Asistencia remota (DCOM de entrada),Asistencia remota,Dominio,Sí,Permitir,No,%SystemRoot%\system32\svchost.exe,Cualquiera,Cualquiera,TCP,135,Cualquiera,Cualquiera,Cualquiera,,,,,,,,,,,,,,,,
Asistencia remota (PNRP de entrada),Asistencia remota,Público,No,Permitir,No,%systemroot%\system32\svchost.exe,Cualquiera,Cualquiera,UDP,3540,Cualquiera,Cualquiera,Cualquiera,,,,,,,,,,,,,,,,
Asistencia remota (PNRP de entrada),Asistencia remota,Dominio, Privado,Sí,Permitir,No,%systemroot%\system32\svchost.exe,Cualquiera,Cualquiera,UDP,3540,Cualquiera,Cualquiera,Cualquiera,,,,,,,,,,,,,,,
Asistencia remota (SSDP-TCP de entrada),Asistencia remota,Dominio, Privado,Sí,Permitir,No,%SystemRoot%\system32\svchost.exe,Cualquiera,Subred local,TCP,2869,Cualquiera,Cualquiera,Cualquiera,,,,,,,,,,,,,,,
Asistencia remota (SSDP-UDP de entrada),Asistencia remota,Dominio, Privado,Sí,Permitir,No,%SystemRoot%\system32\svchost.exe,Cualquiera,Subred local,UDP,1900,Cualquiera,Cualquiera,Cualquiera,,,,,,,,,,,,,,,
Asistencia remota (TCP de entrada),Asistencia remota,Dominio, Privado,Sí,Permitir,No,%SystemRoot%\system32\msra.exe,Cualquiera,Cualquiera,TCP,Cualquiera,Cualquiera,Cualquiera,Cualquiera,,,,,,,,,,,,,,,
Asistencia remota (TCP de entrada),Asistencia remota,Público,No,Permitir,No,%SystemRoot%\system32\msra.exe,Cualquiera,Cualquiera,TCP,Cualquiera,Cualquiera,Cualquiera,Cualquiera,,,,,,,,,,,,,,,,
Asistencia remota (TCP de servidor de RA de entrada),Asistencia remota,Dominio,Sí,Permitir,No,%SystemRoot%\system32\raserver.exe,Cualquiera,Cualquiera,TCP,Cualquiera,Cualquiera,Cualquiera,Cualquiera,,,,,,,,,,,,,,,,
Detección del mismo nivel de BranchCache (WSD de entrada),BranchCache: detección del mismo nivel (usa WSD),Todo,No,Permitir,No,%systemroot%\system32\svchost.exe,Cualquiera,Subred local,UDP,3702,Cualquiera,Cualquiera,Cualquiera,,,,,,,,,,,,,,,,
Recuperación de contenido de BranchCache (HTTP de entrada),BranchCache: recuperación de contenido (usa HTTP),Todo,No,Permitir,No,SYSTEM,Cualquiera,Cualquiera,TCP,80,Cualquiera,Cualquiera,Cualquiera,,,,,,,,,,,,,,,,
Servidor de caché hospedada de BranchCache (HTTP de entrada),BranchCache: servidor de caché hospedada (usa HTTPS),Todo,No,Permitir,No,SYSTEM,Cualquiera,Cualquiera,TCP,443,Cualquiera,Cualquiera,Cualquiera,,,,,,,,,,,,,,,,
Servicio de captura de SNMP (UDP de entrada),Captura SNMP,Privado, Público,No,Permitir,No,%SystemRoot%\system32\snmptrap.exe,Cualquiera,Subred local,UDP,162,Cualquiera,Cualquiera,Cualquiera,,,,,,,,,,,,,,,
Servicio de captura de SNMP (UDP de entrada),Captura SNMP,Dominio,No,Permitir,No,%SystemRoot%\system32\snmptrap.exe,Cualquiera,Cualquiera,UDP,162,Cualquiera,Cualquiera,Cualquiera,,,,,,,,,,,,,,,,
Archivos e impresoras compartidos (petición eco: ICMPv4 de entrada),Compartir archivos e impresoras,Dominio,No,Permitir,No,Cualquiera,Cualquiera,Cualquiera,ICMPv4,Cualquiera,Cualquiera,Cualquiera,Cualquiera,,,,,,,,,,,,,,,,
Archivos e impresoras compartidos (petición eco: ICMPv4 de entrada),Compartir archivos e impresoras,Público,Sí,Permitir,No,Cualquiera,Cualquiera,Subred local,ICMPv4,Cualquiera,Cualquiera,Cualquiera,Cualquiera,,,,,,,,,,,,,,,,
Archivos e impresoras compartidos (petición eco: ICMPv4 de entrada),Compartir archivos e impresoras,Privado,Sí,Permitir,No,Cualquiera,Cualquiera,Subred local,ICMPv4,Cualquiera,Cualquiera,Cualquiera,Cualquiera,,,,,,,,,,,,,,,,
Archivos e impresoras compartidos (petición eco: ICMPv6 de entrada),Compartir archivos e impresoras,Público,Sí,Permitir,No,Cualquiera,Cualquiera,Subred local,ICMPv6,Cualquiera,Cualquiera,Cualquiera,Cualquiera,,,,,,,,,,,,,,,,
Archivos e impresoras compartidos (petición eco: ICMPv6 de entrada),Compartir archivos e impresoras,Dominio,No,Permitir,No,Cualquiera,Cualquiera,Cualquiera,ICMPv6,Cualquiera,Cualquiera,Cualquiera,Cualquiera,,,,,,,,,,,,,,,,
Archivos e impresoras compartidos (petición eco: ICMPv6 de entrada),Compartir archivos e impresoras,Privado,Sí,Permitir,No,Cualquiera,Cualquiera,Subred local,ICMPv6,Cualquiera,Cualquiera,Cualquiera,Cualquiera,,,,,,,,,,,,,,,,
Compartir archivos e impresoras (datagrama NB de entrada),Compartir archivos e impresoras,Dominio,No,Permitir,No,System,Cualquiera,Cualquiera,UDP,138,Cualquiera,Cualquiera,Cualquiera,,,,,,,,,,,,,,,,
Compartir archivos e impresoras (datagrama NB de entrada),Compartir archivos e impresoras,Privado,Sí,Permitir,No,System,Cualquiera,Subred local,UDP,138,Cualquiera,Cualquiera,Cualquiera,,,,,,,,,,,,,,,,
Compartir archivos e impresoras (datagrama NB de entrada),Compartir archivos e impresoras,Público,Sí,Permitir,No,System,Cualquiera,Subred local,UDP,138,Cualquiera,Cualquiera,Cualquiera,,,,,,,,,,,,,,,,
Compartir archivos e impresoras (LLMNR-UDP de entrada),Compartir archivos e impresoras,Privado,Sí,Permitir,No,%SystemRoot%\system32\svchost.exe,Cualquiera,Subred local,UDP,5355,Cualquiera,Cualquiera,Cualquiera,,,,,,,,,,,,,,,,
Compartir archivos e impresoras (LLMNR-UDP de entrada),Compartir archivos e impresoras,Dominio,No,Permitir,No,%SystemRoot%\system32\svchost.exe,Cualquiera,Subred local,UDP,5355,Cualquiera,Cualquiera,Cualquiera,,,,,,,,,,,,,,,,
Compartir archivos e impresoras (LLMNR-UDP de entrada),Compartir archivos e impresoras,Público,Sí,Permitir,No,%SystemRoot%\system32\svchost.exe,Cualquiera,Subred local,UDP,5355,Cualquiera,Cualquiera,Cualquiera,,,,,,,,,,,,,,,,
Compartir archivos e impresoras (nombre NB de entrada),Compartir archivos e impresoras,Privado,Sí,Permitir,No,System,Cualquiera,Subred local,UDP,137,Cualquiera,Cualquiera,Cualquiera,,,,,,,,,,,,,,,,
Compartir archivos e impresoras (nombre NB de entrada),Compartir archivos e impresoras,Dominio,No,Permitir,No,System,Cualquiera,Cualquiera,UDP,137,Cualquiera,Cualquiera,Cualquiera,,,,,,,,,,,,,,,,
Compartir archivos e impresoras (nombre NB de entrada),Compartir archivos e impresoras,Público,Sí,Permitir,No,System,Cualquiera,Subred local,UDP,137,Cualquiera,Cualquiera,Cualquiera,,,,,,,,,,,,,,,,
Compartir archivos e impresoras (servicio Administrador de trabajos de impresión - RPC),Compartir archivos e impresoras,Público,Sí,Permitir,No,%SystemRoot%\system32\spoolsv.exe,Cualquiera,Subred local,TCP,Puertos dinámicos RPC,Cualquiera,Cualquiera,Cualquiera,,,,,,,,,,,,,,,,
Compartir archivos e impresoras (servicio Administrador de trabajos de impresión - RPC),Compartir archivos e impresoras,Privado,Sí,Permitir,No,%SystemRoot%\system32\spoolsv.exe,Cualquiera,Subred local,TCP,Puertos dinámicos RPC,Cualquiera,Cualquiera,Cualquiera,,,,,,,,,,,,,,,,
Compartir archivos e impresoras (servicio Administrador de trabajos de impresión - RPC),Compartir archivos e impresoras,Dominio,No,Permitir,No,%SystemRoot%\system32\spoolsv.exe,Cualquiera,Cualquiera,TCP,Puertos dinámicos RPC,Cualquiera,Cualquiera,Cualquiera,,,,,,,,,,,,,,,,
Compartir archivos e impresoras (servicio Administrador de trabajos de impresión - RPC-EPMAP),Compartir archivos e impresoras,Dominio,No,Permitir,No,Cualquiera,Cualquiera,Cualquiera,TCP,Asignador de extremos de RPC,Cualquiera,Cualquiera,Cualquiera,,,,,,,,,,,,,,,,
Compartir archivos e impresoras (servicio Administrador de trabajos de impresión - RPC-EPMAP),Compartir archivos e impresoras,Público,Sí,Permitir,No,Cualquiera,Cualquiera,Subred local,TCP,Asignador de extremos de RPC,Cualquiera,Cualquiera,Cualquiera,,,,,,,,,,,,,,,,
Compartir archivos e impresoras (servicio Administrador de trabajos de impresión - RPC-EPMAP),Compartir archivos e impresoras,Privado,Sí,Permitir,No,Cualquiera,Cualquiera,Subred local,TCP,Asignador de extremos de RPC,Cualquiera,Cualquiera,Cualquiera,,,,,,,,,,,,,,,,
Compartir archivos e impresoras (sesión NB de entrada),Compartir archivos e impresoras,Privado,Sí,Permitir,No,System,Cualquiera,Subred local,TCP,139,Cualquiera,Cualquiera,Cualquiera,,,,,,,,,,,,,,,,
Compartir archivos e impresoras (sesión NB de entrada),Compartir archivos e impresoras,Dominio,No,Permitir,No,System,Cualquiera,Cualquiera,TCP,139,Cualquiera,Cualquiera,Cualquiera,,,,,,,,,,,,,,,,
Compartir archivos e impresoras (sesión NB de entrada),Compartir archivos e impresoras,Público,Sí,Permitir,No,System,Cualquiera,Subred local,TCP,139,Cualquiera,Cualquiera,Cualquiera,,,,,,,,,,,,,,,,
Compartir archivos e impresoras (SMB de entrada),Compartir archivos e impresoras,Público,Sí,Permitir,No,System,Cualquiera,Subred local,TCP,445,Cualquiera,Cualquiera,Cualquiera,,,,,,,,,,,,,,,,
Compartir archivos e impresoras (SMB de entrada),Compartir archivos e impresoras,Dominio,No,Permitir,No,System,Cualquiera,Cualquiera,TCP,445,Cualquiera,Cualquiera,Cualquiera,,,,,,,,,,,,,,,,
Compartir archivos e impresoras (SMB de entrada),Compartir archivos e impresoras,Privado,Sí,Permitir,No,System,Cualquiera,Subred local,TCP,445,Cualquiera,Cualquiera,Cualquiera,,,,,,,,,,,,,,,,
Conectarse a un proyector de red (Eventos seguros WSD de entrada),Conectarse a un proyector de red,Dominio,No,Permitir,No,System,Cualquiera,Cualquiera,TCP,5358,Cualquiera,Cualquiera,Cualquiera,,,,,,,,,,,,,,,,
Conectarse a un proyector de red (Eventos seguros WSD de entrada),Conectarse a un proyector de red,Privado, Público,No,Permitir,No,System,Cualquiera,Subred local,TCP,5358,Cualquiera,Cualquiera,Cualquiera,,,,,,,,,,,,,,,
Conectarse a un proyector de red (Eventos WSD de entrada),Conectarse a un proyector de red,Dominio,No,Permitir,No,System,Cualquiera,Cualquiera,TCP,5357,Cualquiera,Cualquiera,Cualquiera,,,,,,,,,,,,,,,,
Conectarse a un proyector de red (Eventos WSD de entrada),Conectarse a un proyector de red,Privado, Público,No,Permitir,No,System,Cualquiera,Subred local,TCP,5357,Cualquiera,Cualquiera,Cualquiera,,,,,,,,,,,,,,,
Conectarse a un proyector de red (TCP de entrada),Conectarse a un proyector de red,Privado, Público,No,Permitir,No,%SystemRoot%\system32\netproj.exe,Cualquiera,Subred local,TCP,Cualquiera,Cualquiera,Cualquiera,Cualquiera,,,,,,,,,,,,,,,
Conectarse a un proyector de red (TCP de entrada),Conectarse a un proyector de red,Dominio,No,Permitir,No,%SystemRoot%\system32\netproj.exe,Cualquiera,Cualquiera,TCP,Cualquiera,Cualquiera,Cualquiera,Cualquiera,,,,,,,,,,,,,,,,
Conectarse a un proyector de red (WSD de entrada),Conectarse a un proyector de red,Todo,No,Permitir,No,%SystemRoot%\system32\netproj.exe,Cualquiera,Subred local,UDP,3702,Cualquiera,Cualquiera,Cualquiera,,,,,,,,,,,,,,,,
Compartir conexión a Internet (DHCPv4 entrante),Conexión compartida a Internet,Todo,Sí,Permitir,No,%systemroot%\system32\svchost.exe,Cualquiera,Cualquiera,UDP,68,Cualquiera,Cualquiera,Cualquiera,,,,,,,,,,,,,,,,
Compartir conexión a Internet (DHCPv6-In),Conexión compartida a Internet,Todo,Sí,Permitir,No,%systemroot%\system32\svchost.exe,Cualquiera,Cualquiera,UDP,547,Cualquiera,Cualquiera,Cualquiera,,,,,,,,,,,,,,,,
Compartir conexión a Internet (servidor DHCP entrante),Conexión compartida a Internet,Todo,Sí,Permitir,No,%systemroot%\system32\svchost.exe,Cualquiera,Cualquiera,UDP,67,Cualquiera,Cualquiera,Cualquiera,,,,,,,,,,,,,,,,
Compartir conexión a Internet (servidor DNS entrante),Conexión compartida a Internet,Todo,Sí,Permitir,No,%systemroot%\system32\svchost.exe,Cualquiera,Cualquiera,UDP,53,Cualquiera,Cualquiera,Cualquiera,,,,,,,,,,,,,,,,
Compartir conexión a Internet (solicitud de enrutador entrante),Conexión compartida a Internet,Todo,Sí,Permitir,No,Cualquiera,Cualquiera,Cualquiera,ICMPv6,Cualquiera,Cualquiera,Cualquiera,Cualquiera,,,,,,,,,,,,,,,,
Compartir conexión a Internet (SSDP entrante),Conexión compartida a Internet,Todo,Sí,Permitir,No,%systemroot%\system32\svchost.exe,Cualquiera,Cualquiera,UDP,1900,Cualquiera,Cualquiera,Cualquiera,,,,,,,,,,,,,,,,
Compartir conexión a Internet (UPnP entrante),Conexión compartida a Internet,Todo,Sí,Permitir,No,System,Cualquiera,Cualquiera,TCP,2869,Cualquiera,Cualquiera,Cualquiera,,,,,,,,,,,,,,,,
Coordinador de transacciones distribuidas (RPC),Coordinador de transacciones distribuidas,Privado, Público,No,Permitir,No,%SystemRoot%\system32\svchost.exe,Cualquiera,Subred local,TCP,Puertos dinámicos RPC,Cualquiera,Cualquiera,Cualquiera,,,,,,,,,,,,,,,
Coordinador de transacciones distribuidas (RPC),Coordinador de transacciones distribuidas,Dominio,No,Permitir,No,%SystemRoot%\system32\svchost.exe,Cualquiera,Cualquiera,TCP,Puertos dinámicos RPC,Cualquiera,Cualquiera,Cualquiera,,,,,,,,,,,,,,,,
Coordinador de transacciones distribuidas (RPC-EPMAP),Coordinador de transacciones distribuidas,Dominio,No,Permitir,No,%SystemRoot%\system32\svchost.exe,Cualquiera,Cualquiera,TCP,Asignador de extremos de RPC,Cualquiera,Cualquiera,Cualquiera,,,,,,,,,,,,,,,,
Coordinador de transacciones distribuidas (RPC-EPMAP),Coordinador de transacciones distribuidas,Privado, Público,No,Permitir,No,%SystemRoot%\system32\svchost.exe,Cualquiera,Subred local,TCP,Asignador de extremos de RPC,Cualquiera,Cualquiera,Cualquiera,,,,,,,,,,,,,,,
Coordinador de transacciones distribuidas (TCP de entrada),Coordinador de transacciones distribuidas,Dominio,No,Permitir,No,%SystemRoot%\system32\msdtc.exe,Cualquiera,Cualquiera,TCP,Cualquiera,Cualquiera,Cualquiera,Cualquiera,,,,,,,,,,,,,,,,
Coordinador de transacciones distribuidas (TCP de entrada),Coordinador de transacciones distribuidas,Privado, Público,No,Permitir,No,%SystemRoot%\system32\msdtc.exe,Cualquiera,Subred local,TCP,Cualquiera,Cualquiera,Cualquiera,Cualquiera,,,,,,,,,,,,,,,
Detección de redes (datagrama NB de entrada),Detección de redes,Privado,Sí,Permitir,No,System,Cualquiera,Subred local,UDP,138,Cualquiera,Cualquiera,Cualquiera,,,,,,,,,,,,,,,,
Detección de redes (datagrama NB de entrada),Detección de redes,Dominio,No,Permitir,No,System,Cualquiera,Cualquiera,UDP,138,Cualquiera,Cualquiera,Cualquiera,,,,,,,,,,,,,,,,
Detección de redes (datagrama NB de entrada),Detección de redes,Público,No,Permitir,No,System,Cualquiera,Subred local,UDP,138,Cualquiera,Cualquiera,Cualquiera,,,,,,,,,,,,,,,,
Detección de redes (Eventos de WSD de entrada),Detección de redes,Dominio,No,Permitir,No,System,Cualquiera,Cualquiera,TCP,5357,Cualquiera,Cualquiera,Cualquiera,,,,,,,,,,,,,,,,
Detección de redes (Eventos de WSD de entrada),Detección de redes,Público,No,Permitir,No,System,Cualquiera,Subred local,TCP,5357,Cualquiera,Cualquiera,Cualquiera,,,,,,,,,,,,,,,,
Detección de redes (Eventos de WSD de entrada),Detección de redes,Privado,Sí,Permitir,No,System,Cualquiera,Subred local,TCP,5357,Cualquiera,Cualquiera,Cualquiera,,,,,,,,,,,,,,,,
Detección de redes (Eventos seguros WSD de entrada),Detección de redes,Privado,Sí,Permitir,No,System,Cualquiera,Subred local,TCP,5358,Cualquiera,Cualquiera,Cualquiera,,,,,,,,,,,,,,,,
Detección de redes (Eventos seguros WSD de entrada),Detección de redes,Dominio,No,Permitir,No,System,Cualquiera,Cualquiera,TCP,5358,Cualquiera,Cualquiera,Cualquiera,,,,,,,,,,,,,,,,
Detección de redes (Eventos seguros WSD de entrada),Detección de redes,Público,No,Permitir,No,System,Cualquiera,Subred local,TCP,5358,Cualquiera,Cualquiera,Cualquiera,,,,,,,,,,,,,,,,
Detección de redes (LLMNR-UDP de entrada),Detección de redes,Dominio, Público,No,Permitir,No,%SystemRoot%\system32\svchost.exe,Cualquiera,Subred local,UDP,5355,Cualquiera,Cualquiera,Cualquiera,,,,,,,,,,,,,,,
Detección de redes (LLMNR-UDP de entrada),Detección de redes,Privado,Sí,Permitir,No,%SystemRoot%\system32\svchost.exe,Cualquiera,Subred local,UDP,5355,Cualquiera,Cualquiera,Cualquiera,,,,,,,,,,,,,,,,
Detección de redes (nombre NB de entrada),Detección de redes,Dominio,No,Permitir,No,System,Cualquiera,Cualquiera,UDP,137,Cualquiera,Cualquiera,Cualquiera,,,,,,,,,,,,,,,,
Detección de redes (nombre NB de entrada),Detección de redes,Público,No,Permitir,No,System,Cualquiera,Subred local,UDP,137,Cualquiera,Cualquiera,Cualquiera,,,,,,,,,,,,,,,,
Detección de redes (nombre NB de entrada),Detección de redes,Privado,Sí,Permitir,No,System,Cualquiera,Subred local,UDP,137,Cualquiera,Cualquiera,Cualquiera,,,,,,,,,,,,,,,,
Detección de redes (Pub-WSD de entrada),Detección de redes,Privado,Sí,Permitir,No,%SystemRoot%\system32\svchost.exe,Cualquiera,Subred local,UDP,3702,Cualquiera,Cualquiera,Cualquiera,,,,,,,,,,,,,,,,
Detección de redes (Pub-WSD de entrada),Detección de redes,Dominio, Público,No,Permitir,No,%SystemRoot%\system32\svchost.exe,Cualquiera,Subred local,UDP,3702,Cualquiera,Cualquiera,Cualquiera,,,,,,,,,,,,,,,
Detección de redes (SSDP de entrada),Detección de redes,Dominio, Público,No,Permitir,No,%SystemRoot%\system32\svchost.exe,Cualquiera,Subred local,UDP,1900,Cualquiera,Cualquiera,Cualquiera,,,,,,,,,,,,,,,
Detección de redes (SSDP de entrada),Detección de redes,Privado,Sí,Permitir,No,%SystemRoot%\system32\svchost.exe,Cualquiera,Subred local,UDP,1900,Cualquiera,Cualquiera,Cualquiera,,,,,,,,,,,,,,,,
Detección de redes (UPnP de entrada),Detección de redes,Privado,Sí,Permitir,No,System,Cualquiera,Subred local,TCP,2869,Cualquiera,Cualquiera,Cualquiera,,,,,,,,,,,,,,,,
Detección de redes (UPnP de entrada),Detección de redes,Dominio,No,Permitir,No,System,Cualquiera,Cualquiera,TCP,2869,Cualquiera,Cualquiera,Cualquiera,,,,,,,,,,,,,,,,
Detección de redes (UPnP de entrada),Detección de redes,Público,No,Permitir,No,System,Cualquiera,Subred local,TCP,2869,Cualquiera,Cualquiera,Cualquiera,,,,,,,,,,,,,,,,
Detección de redes (WSD de entrada),Detección de redes,Privado,Sí,Permitir,No,%SystemRoot%\system32\svchost.exe,Cualquiera,Subred local,UDP,3702,Cualquiera,Cualquiera,Cualquiera,,,,,,,,,,,,,,,,
Detección de redes (WSD de entrada),Detección de redes,Dominio, Público,No,Permitir,No,%SystemRoot%\system32\svchost.exe,Cualquiera,Subred local,UDP,3702,Cualquiera,Cualquiera,Cualquiera,,,,,,,,,,,,,,,
Dispositivos portátiles inalámbricos (SSDP de entrada),Dispositivos portátiles inalámbricos,Todo,No,Permitir,No,%SystemRoot%\system32\svchost.exe,Cualquiera,Subred local,UDP,1900,Cualquiera,Cualquiera,Cualquiera,,,,,,,,,,,,,,,,
Dispositivos portátiles inalámbricos (UPnP de entrada),Dispositivos portátiles inalámbricos,Todo,No,Permitir,No,System,Cualquiera,Subred local,TCP,2869,Cualquiera,Cualquiera,Cualquiera,,,,,,,,,,,,,,,,
Enrutamiento y acceso remoto (GRE de entrada),Enrutamiento y acceso remoto,Todo,No,Permitir,No,System,Cualquiera,Cualquiera,GRE,Cualquiera,Cualquiera,Cualquiera,Cualquiera,,,,,,,,,,,,,,,,
Enrutamiento y acceso remoto (L2TP de entrada),Enrutamiento y acceso remoto,Todo,No,Permitir,No,System,Cualquiera,Cualquiera,UDP,1701,Cualquiera,Cualquiera,Cualquiera,,,,,,,,,,,,,,,,
Enrutamiento y acceso remoto (PPTP de entrada),Enrutamiento y acceso remoto,Todo,No,Permitir,No,System,Cualquiera,Cualquiera,TCP,1723,Cualquiera,Cualquiera,Cualquiera,,,,,,,,,,,,,,,,
Escritorio remoto (TCP de entrada),Escritorio remoto,Todo,No,Permitir,No,System,Cualquiera,Cualquiera,TCP,3389,Cualquiera,Cualquiera,Cualquiera,,,,,,,,,,,,,,,,
Escritorio remoto: RemoteFX (TCP de entrada),Escritorio remoto: RemoteFX,Todo,No,Permitir,No,%SystemRoot%\system32\svchost.exe,Cualquiera,Cualquiera,TCP,3389,Cualquiera,Cualquiera,Cualquiera,,,,,,,,,,,,,,,,
Remote Desktop - RemoteFX (UDP-In),Escritorio remoto: RemoteFX,Todo,No,Permitir,No,%SystemRoot%\system32\svchost.exe,Cualquiera,Cualquiera,UDP,3389,Cualquiera,Cualquiera,Cualquiera,,,,,,,,,,,,,,,,
Google Chrome (tráfico mDNS entrante),Google Chrome,Todo,Sí,Permitir,No,C:\Program Files\Google\Chrome\Application\chrome.exe,Cualquiera,Cualquiera,UDP,5353,Cualquiera,Cualquiera,Cualquiera,,,,,,,,,,,,,,,,
Grupo Hogar entrante,Grupo Hogar,Privado,Sí,Permitir,No,%systemroot%\system32\svchost.exe,Cualquiera,Subred local,TCP,3587,Cualquiera,Cualquiera,Cualquiera,,,,,,,,,,,,,,,,
Grupo Hogar entrante (PNRP),Grupo Hogar,Privado,Sí,Permitir,No,%systemroot%\system32\svchost.exe,Cualquiera,Subred local,UDP,3540,Cualquiera,Cualquiera,Cualquiera,,,,,,,,,,,,,,,,
Instrumental de administración de Windows (ASync de entrada),Instrumental de administración de Windows (WMI),Dominio,No,Permitir,No,%systemroot%\system32\wbem\unsecapp.exe,Cualquiera,Cualquiera,TCP,Cualquiera,Cualquiera,Cualquiera,Cualquiera,,,,,,,,,,,,,,,,
Instrumental de administración de Windows (ASync de entrada),Instrumental de administración de Windows (WMI),Privado, Público,No,Permitir,No,%systemroot%\system32\wbem\unsecapp.exe,Cualquiera,Subred local,TCP,Cualquiera,Cualquiera,Cualquiera,Cualquiera,,,,,,,,,,,,,,,
Instrumental de administración de Windows (DCOM de entrada),Instrumental de administración de Windows (WMI),Dominio,No,Permitir,No,%SystemRoot%\system32\svchost.exe,Cualquiera,Cualquiera,TCP,135,Cualquiera,Cualquiera,Cualquiera,,,,,,,,,,,,,,,,
Instrumental de administración de Windows (DCOM de entrada),Instrumental de administración de Windows (WMI),Privado, Público,No,Permitir,No,%SystemRoot%\system32\svchost.exe,Cualquiera,Subred local,TCP,135,Cualquiera,Cualquiera,Cualquiera,,,,,,,,,,,,,,,
Instrumental de administración de Windows (WMI de entrada),Instrumental de administración de Windows (WMI),Privado, Público,No,Permitir,No,%SystemRoot%\system32\svchost.exe,Cualquiera,Subred local,TCP,Cualquiera,Cualquiera,Cualquiera,Cualquiera,,,,,,,,,,,,,,,
Instrumental de administración de Windows (WMI de entrada),Instrumental de administración de Windows (WMI),Dominio,No,Permitir,No,%SystemRoot%\system32\svchost.exe,Cualquiera,Cualquiera,TCP,Cualquiera,Cualquiera,Cualquiera,Cualquiera,,,,,,,,,,,,,,,,
Media Center Extenders - qWave (TCP de entrada),Media Center Extenders,Todo,No,Permitir,No,%SystemRoot%\system32\svchost.exe,Cualquiera,Subred local,TCP,2177,Cualquiera,Cualquiera,Cualquiera,,,,,,,,,,,,,,,,
Media Center Extenders - qWave (UDP de entrada),Media Center Extenders,Todo,No,Permitir,No,%SystemRoot%\system32\svchost.exe,Cualquiera,Subred local,UDP,2177,Cualquiera,Cualquiera,Cualquiera,,,,,,,,,,,,,,,,
Media Center Extenders - RTSP (TCP de entrada),Media Center Extenders,Todo,No,Permitir,No,%SystemRoot%\ehome\ehshell.exe,Cualquiera,Subred local,TCP,554,8554,8555,8556,8557,8558,Cualquiera,Cualquiera,Cualquiera,,,,,,,,,,,
Media Center Extenders - SSDP (UDP de entrada),Media Center Extenders,Todo,No,Permitir,No,%SystemRoot%\system32\svchost.exe,Cualquiera,Subred local,UDP,1900,Cualquiera,Cualquiera,Cualquiera,,,,,,,,,,,,,,,,
Media Center Extenders - Transmisión por secuencias de HTTP (TCP de entrada),Media Center Extenders,Todo,No,Permitir,No,System,Cualquiera,Subred local,TCP,10244,Cualquiera,Cualquiera,Cualquiera,,,,,,,,,,,,,,,,
Media Center Extenders - Transmisión por secuencias de multimedia (TCP de entrada),Media Center Extenders,Todo,No,Permitir,No,System,Cualquiera,Subred local,TCP,2869,Cualquiera,Cualquiera,Cualquiera,,,,,,,,,,,,,,,,
Media Center Extenders - WMDRM-ND/RTP/RTCP (UDP de entrada),Media Center Extenders,Todo,No,Permitir,No,%SystemRoot%\ehome\ehshell.exe,Cualquiera,Subred local,UDP,7777,7778,7779,7780,7781,5004,5005,50004,50005,50006,50007,50008,50009,50010,50011,50012,50013,Cualquiera,Cualquiera,Cualquiera
Media Center Extenders - XSP (TCP de entrada),Media Center Extenders,Todo,No,Permitir,No,System,Cualquiera,Subred local,TCP,3390,Cualquiera,Cualquiera,Cualquiera,,,,,,,,,,,,,,,,
Microsoft Edge (mDNS-In),Microsoft Edge,Todo,Sí,Permitir,No,C:\Program Files (x86)\Microsoft\Edge\Application\msedge.exe,Cualquiera,Cualquiera,UDP,5353,Cualquiera,Cualquiera,Cualquiera,,,,,,,,,,,,,,,,
Wireless PAN DHCP Server,MyWiFiDHCPDNS,Todo,Sí,Permitir,No,C:\Program Files\Intel\WiFi\bin\PanDhcpDns.exe,Cualquiera,Cualquiera,Cualquiera,Cualquiera,Cualquiera,Cualquiera,Cualquiera,,,,,,,,,,,,,,,,
Protocolo de túnel de sockets seguros (SSTP de entrada),Protocolo de túnel de sockets seguros,Todo,No,Permitir,No,System,Cualquiera,Cualquiera,TCP,443,Cualquiera,Cualquiera,Cualquiera,,,,,,,,,,,,,,,,
Redes principales: anuncio de detección de vecinos (ICMPv6 de entrada),Redes principales,Todo,Sí,Permitir,No,System,Cualquiera,Cualquiera,ICMPv6,Cualquiera,Cualquiera,Cualquiera,Cualquiera,,,,,,,,,,,,,,,,
Redes principales: anuncio de enrutador (ICMPv6 de entrada),Redes principales,Todo,Sí,Permitir,No,System,Cualquiera,fe80::/64,ICMPv6,Cualquiera,Cualquiera,Cualquiera,Cualquiera,,,,,,,,,,,,,,,,
Redes principales: consulta de escucha de multidifusión (ICMPv6 de entrada),Redes principales,Todo,Sí,Permitir,No,System,Cualquiera,Subred local,ICMPv6,Cualquiera,Cualquiera,Cualquiera,Cualquiera,,,,,,,,,,,,,,,,
Redes principales: destino inaccesible (ICMPv6 de entrada),Redes principales,Todo,Sí,Permitir,No,System,Cualquiera,Cualquiera,ICMPv6,Cualquiera,Cualquiera,Cualquiera,Cualquiera,,,,,,,,,,,,,,,,
Redes principales: destino inaccesible fragmentación necesaria (ICMPv4 de entrada),Redes principales,Todo,Sí,Permitir,No,System,Cualquiera,Cualquiera,ICMPv4,Cualquiera,Cualquiera,Cualquiera,Cualquiera,,,,,,,,,,,,,,,,
Redes principales: escucha de multidifusión finalizada (ICMPv6 de entrada),Redes principales,Todo,Sí,Permitir,No,System,Cualquiera,Subred local,ICMPv6,Cualquiera,Cualquiera,Cualquiera,Cualquiera,,,,,,,,,,,,,,,,
Redes principales: informe de escucha de multidifusión (ICMPv6 de entrada),Redes principales,Todo,Sí,Permitir,No,System,Cualquiera,Subred local,ICMPv6,Cualquiera,Cualquiera,Cualquiera,Cualquiera,,,,,,,,,,,,,,,,
Redes principales: informe de escucha de multidifusión v2 (ICMPv6 de entrada),Redes principales,Todo,Sí,Permitir,No,System,Cualquiera,Subred local,ICMPv6,Cualquiera,Cualquiera,Cualquiera,Cualquiera,,,,,,,,,,,,,,,,
Redes principales: IPHTTPS (TCP de entrada),Redes principales,Todo,Sí,Permitir,No,System,Cualquiera,Cualquiera,TCP,IPHTTPS,Cualquiera,Cualquiera,Cualquiera,,,,,,,,,,,,,,,,
Redes principales: IPv6 (IPv6 de entrada),Redes principales,Todo,Sí,Permitir,No,System,Cualquiera,Cualquiera,IPv6,Cualquiera,Cualquiera,Cualquiera,Cualquiera,,,,,,,,,,,,,,,,
Redes principales: paquete demasiado grande (ICMPv6 de entrada),Redes principales,Todo,Sí,Permitir,No,System,Cualquiera,Cualquiera,ICMPv6,Cualquiera,Cualquiera,Cualquiera,Cualquiera,,,,,,,,,,,,,,,,
Redes principales: problema de parámetro (ICMPv6 de entrada),Redes principales,Todo,Sí,Permitir,No,System,Cualquiera,Cualquiera,ICMPv6,Cualquiera,Cualquiera,Cualquiera,Cualquiera,,,,,,,,,,,,,,,,
Redes principales: Protocolo de administración de grupo de Internet (IGMP de entrada),Redes principales,Todo,Sí,Permitir,No,System,Cualquiera,Cualquiera,IGMP,Cualquiera,Cualquiera,Cualquiera,Cualquiera,,,,,,,,,,,,,,,,
Redes principales: Protocolo de configuración dinámica de host (DHCP de entrada),Redes principales,Todo,Sí,Permitir,No,%SystemRoot%\system32\svchost.exe,Cualquiera,Cualquiera,UDP,68,67,Cualquiera,Cualquiera,,,,,,,,,,,,,,,,
Redes principales: Protocolo de configuración dinámica de host para IPv6 (DHCPV6 de entrada),Redes principales,Todo,Sí,Permitir,No,%SystemRoot%\system32\svchost.exe,Cualquiera,Cualquiera,UDP,546,547,Cualquiera,Cualquiera,,,,,,,,,,,,,,,,
Redes principales: solicitud de detección de vecinos (ICMPv6 de entrada),Redes principales,Todo,Sí,Permitir,No,System,Cualquiera,Cualquiera,ICMPv6,Cualquiera,Cualquiera,Cualquiera,Cualquiera,,,,,,,,,,,,,,,,
Redes principales: solicitud de enrutador (ICMPv6 de entrada),Redes principales,Todo,Sí,Permitir,No,System,Cualquiera,Cualquiera,ICMPv6,Cualquiera,Cualquiera,Cualquiera,Cualquiera,,,,,,,,,,,,,,,,
Redes principales: Teredo (UDP de entrada),Redes principales,Todo,Sí,Permitir,No,%SystemRoot%\system32\svchost.exe,Cualquiera,Cualquiera,UDP,Cruce seguro del perímetro,Cualquiera,Cualquiera,Cualquiera,,,,,,,,,,,,,,,,
Redes principales: tiempo superado (ICMPv6 de entrada),Redes principales,Todo,Sí,Permitir,No,System,Cualquiera,Cualquiera,ICMPv6,Cualquiera,Cualquiera,Cualquiera,Cualquiera,,,,,,,,,,,,,,,,
Registros y alertas de rendimiento (DCOM de entrada),Registros y alertas de rendimiento,Dominio,No,Permitir,No,%systemroot%\system32\svchost.exe,Cualquiera,Cualquiera,TCP,135,Cualquiera,Cualquiera,Cualquiera,,,,,,,,,,,,,,,,
Registros y alertas de rendimiento (DCOM de entrada),Registros y alertas de rendimiento,Privado, Público,No,Permitir,No,%systemroot%\system32\svchost.exe,Cualquiera,Subred local,TCP,135,Cualquiera,Cualquiera,Cualquiera,,,,,,,,,,,,,,,
Registros y alertas de rendimiento (TCP de entrada),Registros y alertas de rendimiento,Dominio,No,Permitir,No,%systemroot%\system32\plasrv.exe,Cualquiera,Cualquiera,TCP,Cualquiera,Cualquiera,Cualquiera,Cualquiera,,,,,,,,,,,,,,,,
Registros y alertas de rendimiento (TCP de entrada),Registros y alertas de rendimiento,Privado, Público,No,Permitir,No,%systemroot%\system32\plasrv.exe,Cualquiera,Subred local,TCP,Cualquiera,Cualquiera,Cualquiera,Cualquiera,,,,,,,,,,,,,,,
Reproductor de Windows Media (UDP de entrada),Reproductor de Windows Media,Dominio, Público,No,Permitir,No,%ProgramFiles%\Windows Media Player\wmplayer.exe,Cualquiera,Cualquiera,UDP,Cualquiera,Cualquiera,Cualquiera,Cualquiera,,,,,,,,,,,,,,,
Reproductor de Windows Media (UDP de entrada),Reproductor de Windows Media,Privado,Sí,Permitir,No,%ProgramFiles%\Windows Media Player\wmplayer.exe,Cualquiera,Cualquiera,UDP,Cualquiera,Cualquiera,Cualquiera,Cualquiera,,,,,,,,,,,,,,,,
Reproductor de Windows Media x86 (UDP de entrada),Reproductor de Windows Media,Dominio, Público,No,Permitir,No,%ProgramFiles(x86)%\Windows Media Player\wmplayer.exe,Cualquiera,Cualquiera,UDP,Cualquiera,Cualquiera,Cualquiera,Cualquiera,,,,,,,,,,,,,,,
Reproductor de Windows Media x86 (UDP de entrada),Reproductor de Windows Media,Privado,Sí,Permitir,No,%ProgramFiles(x86)%\Windows Media Player\wmplayer.exe,Cualquiera,Cualquiera,UDP,Cualquiera,Cualquiera,Cualquiera,Cualquiera,,,,,,,,,,,,,,,,
Servicio de administración de claves (TCP de entrada),Servicio de administración de claves,Dominio,No,Permitir,No,%SystemRoot%\system32\sppsvc.exe,Cualquiera,Cualquiera,TCP,1688,Cualquiera,Cualquiera,Cualquiera,,,,,,,,,,,,,,,,
Servicio de administración de claves (TCP de entrada),Servicio de administración de claves,Privado, Público,No,Permitir,No,%SystemRoot%\system32\sppsvc.exe,Cualquiera,Subred local,TCP,1688,Cualquiera,Cualquiera,Cualquiera,,,,,,,,,,,,,,,
Servicio de Net Logon (NP de entrada),Servicio de Net Logon,Todo,No,Permitir,No,System,Cualquiera,Cualquiera,TCP,445,Cualquiera,Cualquiera,Cualquiera,,,,,,,,,,,,,,,,
Servicio de registro de nombres de equipo de Windows Collaboration (PNRP de entrada),Servicio de registro de nombres de equipo de Windows Collaboration,Todo,No,Permitir,No,%SystemRoot%\system32\svchost.exe,Cualquiera,Cualquiera,UDP,3540,Cualquiera,Cualquiera,Cualquiera,,,,,,,,,,,,,,,,
Servicio de registro de nombres de equipo de Windows Collaboration (SSDP de entrada),Servicio de registro de nombres de equipo de Windows Collaboration,Todo,No,Permitir,No,%SystemRoot%\system32\svchost.exe,Cualquiera,Subred local,UDP,1900,Cualquiera,Cualquiera,Cualquiera,,,,,,,,,,,,,,,,
Servicio de uso compartido de red del Reproductor de Windows Media (qWave-UDP de entrada),Servicio de uso compartido de red del Reproductor de Windows Media,Privado,Sí,Permitir,No,%SystemRoot%\system32\svchost.exe,Cualquiera,Subred local,UDP,2177,Cualquiera,Cualquiera,Cualquiera,,,,,,,,,,,,,,,,
Servicio de uso compartido de red del Reproductor de Windows Media (qWave-UDP de entrada),Servicio de uso compartido de red del Reproductor de Windows Media,Dominio,No,Permitir,No,%SystemRoot%\system32\svchost.exe,Cualquiera,Cualquiera,UDP,2177,Cualquiera,Cualquiera,Cualquiera,,,,,,,,,,,,,,,,
Servicio de uso compartido de red del Reproductor de Windows Media (qWave-UDP de entrada),Servicio de uso compartido de red del Reproductor de Windows Media,Dominio,No,Permitir,No,%SystemRoot%\system32\svchost.exe,Cualquiera,Cualquiera,TCP,2177,Cualquiera,Cualquiera,Cualquiera,,,,,,,,,,,,,,,,
Servicio de uso compartido de red del Reproductor de Windows Media (qWave-UDP de entrada),Servicio de uso compartido de red del Reproductor de Windows Media,Privado,Sí,Permitir,No,%SystemRoot%\system32\svchost.exe,Cualquiera,Subred local,TCP,2177,Cualquiera,Cualquiera,Cualquiera,,,,,,,,,,,,,,,,
Servicio de uso compartido de red del Reproductor de Windows Media (qWave-UDP de entrada),Servicio de uso compartido de red del Reproductor de Windows Media,Público,No,Permitir,No,%SystemRoot%\system32\svchost.exe,Cualquiera,Subred local,TCP,2177,Cualquiera,Cualquiera,Cualquiera,,,,,,,,,,,,,,,,
Servicio de uso compartido de red del Reproductor de Windows Media (qWave-UDP de entrada),Servicio de uso compartido de red del Reproductor de Windows Media,Público,No,Permitir,No,%SystemRoot%\system32\svchost.exe,Cualquiera,Subred local,UDP,2177,Cualquiera,Cualquiera,Cualquiera,,,,,,,,,,,,,,,,
Servicio de uso compartido de red del Reproductor de Windows Media (SSDP de entrada),Servicio de uso compartido de red del Reproductor de Windows Media,Privado,Sí,Permitir,No,%SystemRoot%\system32\svchost.exe,Cualquiera,Subred local,UDP,1900,Cualquiera,Cualquiera,Cualquiera,,,,,,,,,,,,,,,,
Servicio de uso compartido de red del Reproductor de Windows Media (SSDP de entrada),Servicio de uso compartido de red del Reproductor de Windows Media,Dominio, Público,No,Permitir,No,%SystemRoot%\system32\svchost.exe,Cualquiera,Subred local,UDP,1900,Cualquiera,Cualquiera,Cualquiera,,,,,,,,,,,,,,,
Servicio de uso compartido de red del Reproductor de Windows Media (TCP de entrada),Servicio de uso compartido de red del Reproductor de Windows Media,Público,No,Permitir,No,%PROGRAMFILES%\Windows Media Player\wmpnetwk.exe,Cualquiera,Subred local,TCP,Cualquiera,Cualquiera,Cualquiera,Cualquiera,,,,,,,,,,,,,,,,
Servicio de uso compartido de red del Reproductor de Windows Media (TCP de entrada),Servicio de uso compartido de red del Reproductor de Windows Media,Privado,Sí,Permitir,No,%PROGRAMFILES%\Windows Media Player\wmpnetwk.exe,Cualquiera,Subred local,TCP,Cualquiera,Cualquiera,Cualquiera,Cualquiera,,,,,,,,,,,,,,,,
Servicio de uso compartido de red del Reproductor de Windows Media (TCP de entrada),Servicio de uso compartido de red del Reproductor de Windows Media,Dominio,No,Permitir,No,%PROGRAMFILES%\Windows Media Player\wmpnetwk.exe,Cualquiera,Cualquiera,TCP,Cualquiera,Cualquiera,Cualquiera,Cualquiera,,,,,,,,,,,,,,,,
Servicio de uso compartido de red del Reproductor de Windows Media (transmisión por secuencias de HTTP de entrada),Servicio de uso compartido de red del Reproductor de Windows Media,Público,No,Permitir,No,System,Cualquiera,Subred local,TCP,10243,Cualquiera,Cualquiera,Cualquiera,,,,,,,,,,,,,,,,
Servicio de uso compartido de red del Reproductor de Windows Media (transmisión por secuencias de HTTP de entrada),Servicio de uso compartido de red del Reproductor de Windows Media,Dominio,No,Permitir,No,System,Cualquiera,Cualquiera,TCP,10243,Cualquiera,Cualquiera,Cualquiera,,,,,,,,,,,,,,,,
Servicio de uso compartido de red del Reproductor de Windows Media (transmisión por secuencias de HTTP de entrada),Servicio de uso compartido de red del Reproductor de Windows Media,Privado,Sí,Permitir,No,System,Cualquiera,Subred local,TCP,10243,Cualquiera,Cualquiera,Cualquiera,,,,,,,,,,,,,,,,
Servicio de uso compartido de red del Reproductor de Windows Media (transmisión por secuencias de UDP de entrada),Servicio de uso compartido de red del Reproductor de Windows Media,Privado,Sí,Permitir,No,%PROGRAMFILES%\Windows Media Player\wmplayer.exe,Cualquiera,Subred local,UDP,Cualquiera,Cualquiera,Cualquiera,Cualquiera,,,,,,,,,,,,,,,,
Servicio de uso compartido de red del Reproductor de Windows Media (transmisión por secuencias de UDP de entrada),Servicio de uso compartido de red del Reproductor de Windows Media,Público,No,Permitir,No,%PROGRAMFILES%\Windows Media Player\wmplayer.exe,Cualquiera,Subred local,UDP,Cualquiera,Cualquiera,Cualquiera,Cualquiera,,,,,,,,,,,,,,,,
Servicio de uso compartido de red del Reproductor de Windows Media (transmisión por secuencias de UDP de entrada),Servicio de uso compartido de red del Reproductor de Windows Media,Dominio,No,Permitir,No,%PROGRAMFILES%\Windows Media Player\wmplayer.exe,Cualquiera,Cualquiera,UDP,Cualquiera,Cualquiera,Cualquiera,Cualquiera,,,,,,,,,,,,,,,,
Servicio de uso compartido de red del Reproductor de Windows Media (UDP de entrada),Servicio de uso compartido de red del Reproductor de Windows Media,Dominio,No,Permitir,No,%PROGRAMFILES%\Windows Media Player\wmpnetwk.exe,Cualquiera,Cualquiera,UDP,Cualquiera,Cualquiera,Cualquiera,Cualquiera,,,,,,,,,,,,,,,,
Servicio de uso compartido de red del Reproductor de Windows Media (UDP de entrada),Servicio de uso compartido de red del Reproductor de Windows Media,Privado,Sí,Permitir,No,%PROGRAMFILES%\Windows Media Player\wmpnetwk.exe,Cualquiera,Subred local,UDP,Cualquiera,Cualquiera,Cualquiera,Cualquiera,,,,,,,,,,,,,,,,
Servicio de uso compartido de red del Reproductor de Windows Media (UDP de entrada),Servicio de uso compartido de red del Reproductor de Windows Media,Público,No,Permitir,No,%PROGRAMFILES%\Windows Media Player\wmpnetwk.exe,Cualquiera,Subred local,UDP,Cualquiera,Cualquiera,Cualquiera,Cualquiera,,,,,,,,,,,,,,,,
Servicio de uso compartido de red del Reproductor de Windows Media (UPnP de entrada),Servicio de uso compartido de red del Reproductor de Windows Media,Privado,Sí,Permitir,No,System,Cualquiera,Subred local,TCP,2869,Cualquiera,Cualquiera,Cualquiera,,,,,,,,,,,,,,,,
Servicio de uso compartido de red del Reproductor de Windows Media (UPnP de entrada),Servicio de uso compartido de red del Reproductor de Windows Media,Dominio, Público,No,Permitir,No,System,Cualquiera,Subred local,TCP,2869,Cualquiera,Cualquiera,Cualquiera,,,,,,,,,,,,,,,
Servicio de uso compartido de red del Reproductor de Windows Media (transmisión por secuencias de HTTP de entrada),Servicio de uso compartido de red del Reproductor de Windows Media (Internet),Dominio, Privado,No,Permitir,No,System,Cualquiera,Cualquiera,TCP,10245,Cualquiera,Cualquiera,Cualquiera,,,,,,,,,,,,,,,
Servicio iSCSI (TCP de entrada),Servicio iSCSI,Privado, Público,No,Permitir,No,%SystemRoot%\system32\svchost.exe,Cualquiera,Subred local,TCP,Cualquiera,Cualquiera,Cualquiera,Cualquiera,,,,,,,,,,,,,,,
Servicio iSCSI (TCP de entrada),Servicio iSCSI,Dominio,No,Permitir,No,%SystemRoot%\system32\svchost.exe,Cualquiera,Cualquiera,TCP,Cualquiera,Cualquiera,Cualquiera,Cualquiera,,,,,,,,,,,,,,,,
Adaptador de escucha Net.TCP de Windows Communication Foundation (TCP-In),Windows Communication Foundation,Todo,No,Permitir,No,C:\Windows\Microsoft.NET\Framework64\v4.0.30319\SMSvcHost.exe,Cualquiera,Cualquiera,TCP,808,Cualquiera,Cualquiera,Cualquiera,,,,,,,,,,,,,,,,
Windows Peer to Peer Collaboration Foundation (PNRP de entrada),Windows Peer to Peer Collaboration Foundation,Todo,No,Permitir,No,%SystemRoot%\system32\svchost.exe,Cualquiera,Cualquiera,UDP,3540,Cualquiera,Cualquiera,Cualquiera,,,,,,,,,,,,,,,,
Windows Peer to Peer Collaboration Foundation (SSDP de entrada),Windows Peer to Peer Collaboration Foundation,Todo,No,Permitir,No,%SystemRoot%\system32\svchost.exe,Cualquiera,Subred local,UDP,1900,Cualquiera,Cualquiera,Cualquiera,,,,,,,,,,,,,,,,
Windows Peer to Peer Collaboration Foundation (TCP de entrada),Windows Peer to Peer Collaboration Foundation,Todo,No,Permitir,No,%SystemRoot%\system32\p2phost.exe,Cualquiera,Cualquiera,TCP,Cualquiera,Cualquiera,Cualquiera,Cualquiera,,,,,,,,,,,,,,,,
Windows Peer to Peer Collaboration Foundation (WSD de entrada),Windows Peer to Peer Collaboration Foundation,Todo,No,Permitir,No,%SystemRoot%\system32\p2phost.exe,Cualquiera,Subred local,UDP,3702,Cualquiera,Cualquiera,Cualquiera,,,,,,,,,,,,,,,,
XSplit VCam,XSplit VCam,Privado,Sí,Permitir,No,C:\Program Files\XSplit\VCam\x64\XSplitVCam.exe,Cualquiera,Cualquiera,TCP,Cualquiera,Cualquiera,Cualquiera,Cualquiera,,,,,,,,,,,,,,,,
XSplit VCam,XSplit VCam,Privado,Sí,Permitir,No,C:\Program Files\XSplit\VCam\x64\XSplitVCam.exe,Cualquiera,Cualquiera,UDP,Cualquiera,Cualquiera,Cualquiera,Cualquiera,,,,,,,,,,,,,,,,
XSplit VCam,XSplit VCam,Público,Sí,Permitir,No,C:\Program Files\XSplit\VCam\x64\XSplitVCam.exe,Cualquiera,Cualquiera,TCP,Cualquiera,Cualquiera,Cualquiera,Cualquiera,,,,,,,,,,,,,,,,
XSplit VCam,XSplit VCam,Público,Sí,Permitir,No,C:\Program Files\XSplit\VCam\x64\XSplitVCam.exe,Cualquiera,Cualquiera,UDP,Cualquiera,Cualquiera,Cualquiera,Cualquiera,,,,,,,,,,,,,,,,
XSplit VCam,XSplit VCam,Dominio,Sí,Permitir,No,C:\Program Files\XSplit\VCam\x64\XSplitVCam.exe,Cualquiera,Cualquiera,TCP,Cualquiera,Cualquiera,Cualquiera,Cualquiera,,,,,,,,,,,,,,,,
XSplit VCam,XSplit VCam,Dominio,Sí,Permitir,No,C:\Program Files\XSplit\VCam\x64\XSplitVCam.exe,Cualquiera,Cualquiera,UDP,Cualquiera,Cualquiera,Cualquiera,Cualquiera,,,,,,,,,,,,,,,,
